{
  "datasets": {
    "minerva": {
      "n": 269,
      "wrong": 180,
      "acc": 0.33085501858736055,
      "relabeled": 26
    },
    "math500": {
      "n": 400,
      "wrong": 136,
      "acc": 0.6599999999999999,
      "relabeled": 6
    },
    "gsm8k": {
      "n": 400,
      "wrong": 50,
      "acc": 0.875,
      "relabeled": 0
    },
    "deepscaler": {
      "n": 400,
      "wrong": 250,
      "acc": 0.375,
      "relabeled": 2
    }
  },
  "metrics": {
    "minerva": {
      "TokUR EU": {
        "auroc": 0.7581772784019976,
        "auprc": 0.8748954298668375,
        "acc_star": 0.5,
        "n": 269
      },
      "PANDA": {
        "auroc": 0.8216604244694132,
        "auprc": 0.8997233228265448,
        "acc_star": 0.5746268656716418,
        "n": 269
      },
      "F_resp": {
        "auroc": 0.8146379525593009,
        "auprc": 0.8866156247562107,
        "acc_star": 0.5671641791044776,
        "n": 269
      },
      "D_ans": {
        "auroc": 0.7719101123595505,
        "auprc": 0.847293762882387,
        "acc_star": 0.5298507462686567,
        "n": 269
      },
      "D_reason": {
        "auroc": 0.5952559300873907,
        "auprc": 0.7447169011825623,
        "acc_star": 0.3880597014925373,
        "n": 269
      },
      "T-ASE": {
        "auroc": 0.7783083645443196,
        "auprc": 0.8502593542288195,
        "acc_star": 0.5149253731343284,
        "n": 269
      },
      "W-ASE": {
        "auroc": 0.7842696629213484,
        "auprc": 0.8688168077201637,
        "acc_star": 0.5074626865671642,
        "n": 269
      },
      "TW-ASE": {
        "auroc": 0.8146379525593009,
        "auprc": 0.8866156247562107,
        "acc_star": 0.5671641791044776,
        "n": 269
      },
      "T_num_clusters": {
        "auroc": 0.7817103620474407,
        "auprc": 0.8505768595907346,
        "acc_star": 0.5149253731343284,
        "n": 269
      },
      "W_num_clusters": {
        "auroc": 0.8023096129837702,
        "auprc": 0.8800717942987546,
        "acc_star": 0.5298507462686567,
        "n": 269
      },
      "TW_num_clusters": {
        "auroc": 0.8300561797752809,
        "auprc": 0.9008632331726875,
        "acc_star": 0.5522388059701493,
        "n": 269
      }
    },
    "math500": {
      "TokUR EU": {
        "auroc": 0.8014427361853832,
        "auprc": 0.6585739861478724,
        "acc_star": 0.85,
        "n": 400
      },
      "PANDA": {
        "auroc": 0.9035204991087344,
        "auprc": 0.856077342088426,
        "acc_star": 0.935,
        "n": 400
      },
      "F_resp": {
        "auroc": 0.895791555258467,
        "auprc": 0.8335163319181045,
        "acc_star": 0.935,
        "n": 400
      },
      "D_ans": {
        "auroc": 0.8081550802139038,
        "auprc": 0.6611543995955846,
        "acc_star": 0.865,
        "n": 400
      },
      "D_reason": {
        "auroc": 0.6669730392156862,
        "auprc": 0.4689019569488625,
        "acc_star": 0.77,
        "n": 400
      },
      "T-ASE": {
        "auroc": 0.8546540775401069,
        "auprc": 0.7600495546311432,
        "acc_star": 0.91,
        "n": 400
      },
      "W-ASE": {
        "auroc": 0.8184603386809269,
        "auprc": 0.7150962849146241,
        "acc_star": 0.84,
        "n": 400
      },
      "TW-ASE": {
        "auroc": 0.895791555258467,
        "auprc": 0.8335163319181045,
        "acc_star": 0.935,
        "n": 400
      },
      "T_num_clusters": {
        "auroc": 0.8481227718360071,
        "auprc": 0.7441098388059106,
        "acc_star": 0.92,
        "n": 400
      },
      "W_num_clusters": {
        "auroc": 0.8173323306595366,
        "auprc": 0.7107443796111617,
        "acc_star": 0.84,
        "n": 400
      },
      "TW_num_clusters": {
        "auroc": 0.8749164438502673,
        "auprc": 0.7922259649205385,
        "acc_star": 0.915,
        "n": 400
      }
    },
    "gsm8k": {
      "TokUR EU": {
        "auroc": 0.7856321839080461,
        "auprc": 0.47361355693488566,
        "acc_star": 0.9509803921568627,
        "n": 204
      },
      "PANDA": {
        "auroc": 0.9605142857142858,
        "auprc": 0.8385624177194807,
        "acc_star": 0.995,
        "n": 400
      },
      "F_resp": {
        "auroc": 0.9554285714285715,
        "auprc": 0.807498758007809,
        "acc_star": 0.995,
        "n": 400
      },
      "D_ans": {
        "auroc": 0.7784857142857143,
        "auprc": 0.4347002449667232,
        "acc_star": 0.96,
        "n": 400
      },
      "D_reason": {
        "auroc": 0.8268,
        "auprc": 0.45142046817316217,
        "acc_star": 0.98,
        "n": 400
      },
      "T-ASE": {
        "auroc": 0.8660285714285713,
        "auprc": 0.5390935817265938,
        "acc_star": 0.98,
        "n": 400
      },
      "W-ASE": {
        "auroc": 0.7818,
        "auprc": 0.47364202172096903,
        "acc_star": 0.96,
        "n": 400
      },
      "TW-ASE": {
        "auroc": 0.9554285714285715,
        "auprc": 0.807498758007809,
        "acc_star": 0.995,
        "n": 400
      },
      "T_num_clusters": {
        "auroc": 0.863342857142857,
        "auprc": 0.5032636363636365,
        "acc_star": 0.98,
        "n": 400
      },
      "W_num_clusters": {
        "auroc": 0.7811142857142858,
        "auprc": 0.4692619047619048,
        "acc_star": 0.96,
        "n": 400
      },
      "TW_num_clusters": {
        "auroc": 0.9316571428571429,
        "auprc": 0.6283336607774873,
        "acc_star": 1.0,
        "n": 400
      }
    },
    "deepscaler": {
      "TokUR EU": {
        "auroc": 0.7120927318295739,
        "auprc": 0.7818995135880092,
        "acc_star": 0.5346534653465347,
        "n": 202
      },
      "PANDA": {
        "auroc": 0.8101866666666666,
        "auprc": 0.8578673064151328,
        "acc_star": 0.595,
        "n": 400
      },
      "F_resp": {
        "auroc": 0.8063199999999999,
        "auprc": 0.8450670154072412,
        "acc_star": 0.595,
        "n": 400
      },
      "D_ans": {
        "auroc": 0.7651466666666666,
        "auprc": 0.8025075970847582,
        "acc_star": 0.565,
        "n": 400
      },
      "D_reason": {
        "auroc": 0.6560266666666668,
        "auprc": 0.7676971687210202,
        "acc_star": 0.505,
        "n": 400
      },
      "T-ASE": {
        "auroc": 0.7752,
        "auprc": 0.8183981445845221,
        "acc_star": 0.555,
        "n": 400
      },
      "W-ASE": {
        "auroc": 0.7627999999999999,
        "auprc": 0.7946802249073294,
        "acc_star": 0.565,
        "n": 400
      },
      "TW-ASE": {
        "auroc": 0.8063199999999999,
        "auprc": 0.8450670154072412,
        "acc_star": 0.595,
        "n": 400
      },
      "T_num_clusters": {
        "auroc": 0.7819466666666668,
        "auprc": 0.8236288502601194,
        "acc_star": 0.555,
        "n": 400
      },
      "W_num_clusters": {
        "auroc": 0.7772933333333334,
        "auprc": 0.8073805330767904,
        "acc_star": 0.595,
        "n": 400
      },
      "TW_num_clusters": {
        "auroc": 0.8071733333333333,
        "auprc": 0.8565588786057846,
        "acc_star": 0.58,
        "n": 400
      }
    }
  },
  "token_auroc": {
    "minerva": {
      "W_math_token_flip_max": {
        "auroc": 0.7678214731585518,
        "auprc": 0.8434499272394331,
        "acc_star": 0.5149253731343284,
        "n": 269
      },
      "W_alternative_answer_mass_topk": {
        "auroc": 0.7719101123595505,
        "auprc": 0.847293762882387,
        "acc_star": 0.5298507462686567,
        "n": 269
      },
      "AltMass_final": {
        "auroc": 0.7719101123595505,
        "auprc": 0.847293762882387,
        "acc_star": 0.5298507462686567,
        "n": 269
      },
      "AltMass_local_spread_reason": {
        "auroc": 0.5952559300873907,
        "auprc": 0.7447169011825623,
        "acc_star": 0.3880597014925373,
        "n": 269
      },
      "W_confident_fragmentation": {
        "auroc": 0.7528089887640449,
        "auprc": 0.8441054284793825,