{
  "seeds": [
    41,
    42,
    43
  ],
  "datasets": [
    "minerva",
    "math500",
    "gsm8k",
    "deepscaler",
    "leg_counting",
    "zebra_puzzles",
    "color_cube",
    "humaneval"
  ],
  "metrics": {
    "minerva": {
      "CoT (Lower-Bound)": {
        "auroc": {
          "mean": NaN,
          "std": NaN
        },
        "auprc": {
          "mean": NaN,
          "std": NaN
        },
        "acc_star": {
          "mean": 0.3058438829313024,
          "std": 0.01690216222696312,
          "n": 3
        }
      },
      "SE (Semantic Entropy)": {
        "auroc": {
          "mean": NaN,
          "std": NaN,
          "n": 0
        },
        "auprc": {
          "mean": NaN,
          "std": NaN,
          "n": 0
        },
        "acc_star": {
          "mean": NaN,
          "std": NaN,
          "n": 0
        }
      },
      "SAR": {
        "auroc": {
          "mean": 0.6173343306574901,
          "std": 0.03899728397259209,
          "n": 3
        },
        "auprc": {
          "mean": 0.8060674581661881,
          "std": 0.03734687971617368,
          "n": 3
        },
        "acc_star": {
          "mean": 0.38229768970172445,
          "std": 0.044912891870593184,
          "n": 3
        }
      },
      "U_Ecc": {
        "auroc": {
          "mean": NaN,
          "std": NaN,
          "n": 0
        },
        "auprc": {
          "mean": NaN,
          "std": NaN,
          "n": 0
        },
        "acc_star": {
          "mean": NaN,
          "std": NaN,
          "n": 0
        }
      },
      "U_Deg": {
        "auroc": {
          "mean": NaN,
          "std": NaN,
          "n": 0
        },
        "auprc": {
          "mean": NaN,
          "std": NaN,
          "n": 0
        },
        "acc_star": {
          "mean": NaN,
          "std": NaN,
          "n": 0
        }
      },
      "PE (Predictive Entropy)": {
        "auroc": {
          "mean": 0.658862240563591,
          "std": 0.04553104588008205,
          "n": 3
        },
        "auprc": {
          "mean": 0.8241059684659341,
          "std": 0.04267698123336748,
          "n": 3
        },
        "acc_star": {
          "mean": 0.4053412381025157,
          "std": 0.04011254181580513,
          "n": 3
        }
      },
      "LL (Log-Likelihood)": {
        "auroc": {
          "mean": 0.6532841057457225,
          "std": 0.049036481957934364,
          "n": 3
        },
        "auprc": {
          "mean": 0.8208400380014335,
          "std": 0.04354130838709818,
          "n": 3
        },
        "acc_star": {
          "mean": 0.4012370836411184,
          "std": 0.039965734809285565,
          "n": 3
        }
      },
      "Self-Certainty": {
        "auroc": {
          "mean": 0.6589128873072639,
          "std": 0.04540244516426456,
          "n": 3
        },
        "auprc": {
          "mean": 0.8239343085647591,
          "std": 0.04268403783881555,
          "n": 3
        },
        "acc_star": {
          "mean": 0.4053412381025157,
          "std": 0.04011254181580513,
          "n": 3
        }
      },
      "DeepConf": {
        "auroc": {
          "mean": 0.5649275496362067,
          "std": 0.04334992667389862,
          "n": 3
        },
        "auprc": {
          "mean": 0.7681476693868569,
          "std": 0.03150982238467311,
          "n": 3
        },
        "acc_star": {
          "mean": 0.366373527938392,
          "std": 0.031204952245249475,
          "n": 3
        }
      },
      "PANDA": {
        "auroc": {
          "mean": 0.8717006848162047,
          "std": 0.004964420499993815,
          "n": 3
        },
        "auprc": {
          "mean": 0.9428419906721434,
          "std": 0.004227803198207411,
          "n": 3
        },
        "acc_star": {
          "mean": 0.5687559965018637,
          "std": 0.027900172820913248,
          "n": 3
        }
      },
      "F_resp": {
        "auroc": {
          "mean": 0.8570506621586439,
          "std": 0.005202140751618349,
          "n": 3
        },
        "auprc": {
          "mean": 0.9280738994131507,
          "std": 0.002543610851396029,
          "n": 3
        },
        "acc_star": {
          "mean": 0.5571641746690781,
          "std": 0.03345938065966834,
          "n": 3
        }
      },
      "D_ans": {
        "auroc": {
          "mean": 0.8097911956536633,
          "std": 0.00960960455760001,
          "n": 3
        },
        "auprc": {
          "mean": 0.8579550065110322,
          "std": 0.015818137036101187,
          "n": 3
        },
        "acc_star": {
          "mean": 0.5099000653777902,
          "std": 0.007478457340186627,
          "n": 3
        }
      },
      "D_reason": {
        "auroc": {
          "mean": 0.5955503071249465,
          "std": 0.023225625697636754,
          "n": 3
        },
        "auprc": {
          "mean": 0.773732500902407,
          "std": 0.02823604034187509,
          "n": 3
        },
        "acc_star": {
          "mean": 0.3620772731518038,
          "std": 0.00873821628252243,
          "n": 3
        }
      }
    },
    "math500": {
      "CoT (Lower-Bound)": {
        "auroc": {
          "mean": NaN,
          "std": NaN
        },
        "auprc": {
          "mean": NaN,
          "std": NaN
        },
        "acc_star": {
          "mean": 0.7782148721557588,
          "std": 0.15088477010871534,
          "n": 3
        }
      },
      "SE (Semantic Entropy)": {
        "auroc": {
          "mean": NaN,
          "std": NaN,
          "n": 0
        },
        "auprc": {
          "mean": NaN,
          "std": NaN,
          "n": 0
        },
        "acc_star": {
          "mean": NaN,
          "std": NaN,
          "n": 0
        }
      },
      "SAR": {
        "auroc": {
          "mean": 0.8431339154504914,
          "std": 0.1011116619585304,
          "n": 3
        },
        "auprc": {
          "mean": 0.5565079435314538,
          "std": 0.15875021478596438,
          "n": 3
        },
        "acc_star": {
          "mean": 0.9259863945578232,
          "std": 0.05284659189558035,
          "n": 3
        }
      },
      "U_Ecc": {
        "auroc": {
          "mean": NaN,
          "std": NaN,
          "n": 0
        },
        "auprc": {
          "mean": NaN,
          "std": NaN,
          "n": 0
        },
        "acc_star": {
          "mean": NaN,
          "std": NaN,
          "n": 0
        }
      },
      "U_Deg": {
        "auroc": {
          "mean": NaN,
          "std": NaN,
          "n": 0
        },
        "auprc": {
          "mean": NaN,
          "std": NaN,
          "n": 0
        },
        "acc_star": {
          "mean": NaN,
          "std": NaN,
          "n": 0
        }
      },
      "PE (Predictive Entropy)": {
        "auroc": {
          "mean": 0.8504156910686643,
          "std": 0.09578088411207816,
          "n": 3
        },
        "auprc": {
          "mean": 0.5647458801743385,
          "std": 0.16397246483654346,
          "n": 3
        },
        "acc_star": {
          "mean": 0.9259183673469388,
          "std": 0.05239164128064143,
          "n": 3
        }
      },
      "LL (Log-Likelihood)": {
        "auroc": {
          "mean": 0.8508369533235661,
          "std": 0.09537864858578038,
          "n": 3
        },
        "auprc": {
          "mean": 0.5506075445999346,
          "std": 0.1541722224622091,
          "n": 3
        },
        "acc_star": {
          "mean": 0.9259183673469388,
          "std": 0.05239164128064143,
          "n": 3
        }
      },
      "Self-Certainty": {
        "auroc": {
          "mean": 0.8505311342447692,
          "std": 0.09569113999179259,
          "n": 3
        },
        "auprc": {
          "mean": 0.5648940315677952,
          "std": 0.16406692322635133,
          "n": 3
        },
        "acc_star": {
          "mean": 0.9259183673469388,
          "std": 0.05239164128064143,
          "n": 3
        }
      },