{
  "N": 8121,
  "ablation_macro": {
    "DH-Score (full)": {
      "auroc": 0.9043535225989799,
      "auprc": 0.8746006409065862
    },
    "w/o Dissent": {
      "auroc": 0.7043613499153261,
      "auprc": 0.6215411728541549
    },
    "w/o Hesitation": {
      "auroc": 0.897429254990964,
      "auprc": 0.8500004558706716
    },
    "w/o Text Pert.": {
      "auroc": 0.861977510723872,
      "auprc": 0.7892898329398269
    },
    "w/o Weight Pert.": {
      "auroc": 0.8708290384363894,
      "auprc": 0.8290846572034392
    },
    "w/o Fusion": {
      "auroc": 0.8773964757959645,
      "auprc": 0.8773964757959645
    },
    "w/o Prox.": {
      "auroc": 0.8955279131768119,
      "auprc": 0.8690473133724632
    }
  }
}