{
  "models": {
    "qwen25_05b": {
      "label": "Qwen-0.5B",
      "pooled": {
        "n": 1744,
        "acc": 0.2563073394495413,
        "wrong": 1297,
        "auroc": 0.7735567710031238,
        "scr09": 11,
        "scr095": 8,
        "scr10": 2,
        "scr09_pct": 0.8481110254433308,
        "scr095_pct": 0.6168080185042405,
        "scr10_pct": 0.15420200462606012,
        "cov_p09": 0.045871559633027525,
        "sel_acc_p09": 0.8625
      },
      "by_benchmark": {
        "deepscaler": {
          "n": 1517,
          "acc": 0.2564271588661833,
          "wrong": 1128,
          "auroc": 0.7940949242465678,
          "scr09": 4,
          "scr095": 3,
          "scr10": 0,
          "scr09_pct": 0.3546099290780142,
          "scr095_pct": 0.26595744680851063,
          "scr10_pct": 0.0,
          "cov_p09": 0.047462096242584045,
          "sel_acc_p09": 0.9444444444444444
        },
        "gpqa_diamond": {
          "n": 198,
          "acc": 0.29292929292929293,
          "wrong": 140,
          "auroc": 0.5363300492610839,
          "scr09": 7,
          "scr095": 5,
          "scr10": 2,
          "scr09_pct": 5.0,
          "scr095_pct": 3.571428571428571,
          "scr10_pct": 1.4285714285714286,
          "cov_p09": 0.04040404040404041,
          "sel_acc_p09": 0.125
        },
        "aime_2024": {
          "n": 29,
          "acc": 0.0,
          "wrong": 29,
          "auroc": NaN,
          "scr09": 0,
          "scr095": 0,
          "scr10": 0,
          "scr09_pct": 0.0,
          "scr095_pct": 0.0,
          "scr10_pct": 0.0,
          "cov_p09": 0.0,
          "sel_acc_p09": NaN
        }
      }
    },
    "llama32_1b": {
      "label": "Llama-1B",
      "pooled": {
        "n": 2728,
        "acc": 0.30645161290322576,
        "wrong": 1892,
        "auroc": 0.7478425275903579,
        "scr09": 1,
        "scr095": 0,
        "scr10": 0,
        "scr09_pct": 0.052854122621564484,
        "scr095_pct": 0.0,
        "scr10_pct": 0.0,
        "cov_p09": 0.01686217008797654,
        "sel_acc_p09": 0.9782608695652174
      },
      "by_benchmark": {
        "deepscaler": {
          "n": 2000,
          "acc": 0.29800000000000004,
          "wrong": 1404,
          "auroc": 0.7579620308227691,
          "scr09": 1,
          "scr095": 0,
          "scr10": 0,
          "scr09_pct": 0.07122507122507123,
          "scr095_pct": 0.0,
          "scr10_pct": 0.0,
          "cov_p09": 0.02,
          "sel_acc_p09": 0.975
        },
        "gpqa_diamond": {
          "n": 198,
          "acc": 0.31818181818181823,
          "wrong": 135,
          "auroc": 0.493533215755438,
          "scr09": 0,
          "scr095": 0,
          "scr10": 0,
          "scr09_pct": 0.0,
          "scr095_pct": 0.0,
          "scr10_pct": 0.0,
          "cov_p09": 0.005050505050505051,
          "sel_acc_p09": 1.0
        },
        "aime_2024": {
          "n": 30,
          "acc": 0.033333333333333326,
          "wrong": 29,
          "auroc": 0.5862068965517242,
          "scr09": 0,
          "scr095": 0,
          "scr10": 0,
          "scr09_pct": 0.0,
          "scr095_pct": 0.0,
          "scr10_pct": 0.0,
          "cov_p09": 0.0,
          "sel_acc_p09": NaN
        }
      }
    },
    "qwen25_15b": {
      "label": "Qwen-1.5B",
      "pooled": {
        "n": 1905,
        "acc": 0.3779527559055118,
        "wrong": 1185,
        "auroc": 0.7730631739334272,
        "scr09": 31,
        "scr095": 19,
        "scr10": 5,
        "scr09_pct": 2.6160337552742616,
        "scr095_pct": 1.6033755274261603,
        "scr10_pct": 0.42194092827004215,
        "cov_p09": 0.11391076115485564,
        "sel_acc_p09": 0.8571428571428572
      },
      "by_benchmark": {
        "deepscaler": {
          "n": 1677,
          "acc": 0.3935599284436494,
          "wrong": 1017,
          "auroc": 0.7979067965793629,
          "scr09": 22,
          "scr095": 17,
          "scr10": 5,
          "scr09_pct": 2.1632251720747298,
          "scr095_pct": 1.671583087512291,
          "scr10_pct": 0.4916420845624385,
          "cov_p09": 0.12283840190816935,
          "sel_acc_p09": 0.8932038834951457
        },
        "gpqa_diamond": {
          "n": 198,
          "acc": 0.29292929292929293,
          "wrong": 140,
          "auroc": 0.5078817733990147,
          "scr09": 9,
          "scr095": 2,
          "scr10": 0,
          "scr09_pct": 6.428571428571428,
          "scr095_pct": 1.4285714285714286,
          "scr10_pct": 0.0,
          "cov_p09": 0.05555555555555555,
          "sel_acc_p09": 0.18181818181818177
        },
        "aime_2024": {
          "n": 30,
          "acc": 0.06666666666666665,
          "wrong": 28,
          "auroc": 0.7053571428571428,
          "scr09": 0,
          "scr095": 0,
          "scr10": 0,
          "scr09_pct": 0.0,
          "scr095_pct": 0.0,
          "scr10_pct": 0.0,
          "cov_p09": 0.0,
          "sel_acc_p09": NaN
        }
      }
    },
    "phi4_mini": {
      "label": "Phi-3.8B",
      "pooled": {
        "n": 2228,
        "acc": 0.39407540394973073,
        "wrong": 1350,
        "auroc": 0.7126550240445456,
        "scr09": 35,
        "scr095": 21,
        "scr10": 4,
        "scr09_pct": 2.5925925925925926,
        "scr095_pct": 1.5555555555555556,
        "scr10_pct": 0.2962962962962963,
        "cov_p09": 0.07585278276481149,
        "sel_acc_p09": 0.7928994082840237
      },
      "by_benchmark": {
        "deepscaler": {
          "n": 2000,
          "acc": 0.40449999999999997,
          "wrong": 1191,
          "auroc": 0.7255887014163707,
          "scr09": 29,
          "scr095": 18,
          "scr10": 4,
          "scr09_pct": 2.434928631402183,
          "scr095_pct": 1.5113350125944585,
          "scr10_pct": 0.33585222502099077,
          "cov_p09": 0.0775,
          "sel_acc_p09": 0.8129032258064516
        },
        "gpqa_diamond": {
          "n": 198,
          "acc": 0.33838383838383834,
          "wrong": 131,
          "auroc": 0.5393072803919335,
          "scr09": 6,
          "scr095": 3,
          "scr10": 0,
          "scr09_pct": 4.580152671755725,
          "scr095_pct": 2.2900763358778624,
          "scr10_pct": 0.0,
          "cov_p09": 0.0707070707070707,
          "sel_acc_p09": 0.5714285714285714
        },
        "aime_2024": {
          "n": 30,
          "acc": 0.06666666666666665,
          "wrong": 28,
          "auroc": 1.0,
          "scr09": 0,
          "scr095": 0,
          "scr10": 0,
          "scr09_pct": 0.0,
          "scr095_pct": 0.0,
          "scr10_pct": 0.0,
          "cov_p09": 0.0,
          "sel_acc_p09": NaN
        }
      }
    },
    "qwen25_3b": {
      "label": "Qwen-3B",
      "pooled": {
        "n": 3181,
        "acc": 0.4737503929581892,
        "wrong": 1674,
        "auroc": 0.7808342034266216,
        "scr09": 94,
        "scr095": 67,
        "scr10": 29,
        "scr09_pct": 5.615292712066906,
        "scr095_pct": 4.002389486260454,
        "scr10_pct": 1.7323775388291516,
        "cov_p09": 0.19207796290474694,
        "sel_acc_p09": 0.8461538461538461
      },
      "by_benchmark": {
        "deepscaler": {
          "n": 2000,
          "acc": 0.469,
          "wrong": 1062,
          "auroc": 0.7744379394392042,
          "scr09": 66,
          "scr095": 48,
          "scr10": 22,
          "scr09_pct": 6.214689265536723,
          "scr095_pct": 4.519774011299435,
          "scr10_pct": 2.0715630885122414,
          "cov_p09": 0.197,
          "sel_acc_p09": 0.8324873096446701
        },
        "gpqa_diamond": {
          "n": 198,
          "acc": 0.33838383838383834,
          "wrong": 131,
          "auroc": 0.5591887888800273,
          "scr09": 5,
          "scr095": 3,
          "scr10": 0,
          "scr09_pct": 3.816793893129771,
          "scr095_pct": 2.2900763358778624,
          "scr10_pct": 0.0,
          "cov_p09": 0.045454545454545456,
          "sel_acc_p09": 0.4444444444444444
        },