{
  "aime_2024": {
    "n": 60,
    "wrong_rate": 0.8,
    "auroc_uptop": 0.8645833333333334,
    "selective_acc_p09": 1.0,
    "cov_p09": 0.05,
    "wrong_n": 48,
    "blind_p09": 0,
    "moderate_wrong": 16,
    "split_wrong": 32,
    "mean_p_top_on_wrong": 0.22796899422649516,
    "blind_ids": []
  },
  "deepscaler": {
    "n": 3519,
    "wrong_rate": 0.48053424268258027,
    "auroc_uptop": 0.7657635609812277,
    "selective_acc_p09": 0.7935779816513762,
    "cov_p09": 0.3097470872406934,
    "wrong_n": 1691,
    "blind_p09": 225,
    "moderate_wrong": 931,
    "split_wrong": 535,
    "mean_p_top_on_wrong": 0.48619372750612694,
    "blind_ids": [
      "25178",
      "25540",
      "35090",
      "18078",
      "14260",
      "39173",
      "21529",
      "28830",
      "2713",
      "5064",
      "20287",
      "33514",
      "3075",
      "27427",
      "23421",
      "12799",
      "1296",
      "26156",
      "29243",
      "31209",
      "2761",
      "17779",
      "29694",
      "30267",
      "40108",
      "31977",
      "13031",
      "21143",
      "19012",
      "1360",
      "18712",
      "33207",
      "24798",
      "26836",
      "35735",
      "31075",
      "1947",
      "25178",
      "1917",
      "29897",
      "8315",
      "35090",
      "28665",
      "5177",
      "14260",
      "27634",
      "39173",
      "21529",
      "20287",
      "9845",
      "29104",
      "3075",
      "31027",
      "27427",
      "29967",
      "12799",
      "32896",
      "29243",
      "11494",
      "31209",
      "11433",
      "34918",
      "4457",
      "17779",
      "31977",
      "21143",
      "1360",
      "24774",
      "22905",
      "15983",
      "24798",
      "26836",
      "29779",
      "31075",
      "39627",
      "31195",
      "1401",
      "25251",
      "28100",
      "34618",
      "39486",
      "23641",
      "24020",
      "1670",
      "18915",
      "22551",
      "30435",
      "39604",
      "12827",
      "20611",
      "937",
      "5904",
      "18305",
      "12867",
      "2011",
      "32246",
      "11441",
      "27761",
      "39958",
      "38203",
      "13184",
      "14081",
      "17252",
      "24959",
      "4888",
      "18627",
      "12473",
      "15511",
      "33958",
      "25923",
      "25494",
      "24056",
      "25134",
      "32006",
      "38209",
      "35494",
      "11311",
      "12794",
      "36388",
      "31195",
      "1401",
      "25251",
      "28100",
      "33445",
      "39486",
      "34798",
      "1670",
      "20103",
      "22551",
      "30435",
      "12827",
      "20611",
      "937",
      "5904",
      "30983",
      "12867",
      "32246",
      "1753",
      "17197",
      "27761",
      "38203",
      "13184",
      "17252",
      "24959",
      "22105",
      "12473",
      "15511",
      "33958",
      "25923",
      "25494",
      "16489",
      "26955",
      "25134",
      "4764",
      "32006",
      "8840",
      "38209",
      "11311",
      "23559",
      "3709",
      "39645",
      "10676",
      "5113",
      "39871",
      "34181",
      "40209",
      "11915",
      "38299",
      "5387",
      "2495",
      "26487",
      "39001",
      "39874",
      "30666",
      "24723",
      "3724",
      "39973",
      "17214",
      "25858",
      "2830",
      "28566",
      "21665",
      "4988",
      "18265",
      "11874",
      "38444",
      "6086",
      "6247",
      "37621",
      "18663",
      "34320",
      "14993",
      "28082",
      "3709",
      "24658",
      "23985",
      "32386",
      "26862",
      "4340",
      "5113",
      "24137",
      "7984",
      "37320",
      "38299",
      "5387",
      "26487",
      "39001",
      "17294",
      "3724",
      "17214",
      "9763",
      "28566",
      "21665",
      "28235",
      "11874",
      "18884",
      "16517",
      "7486",
      "21477",
      "6247",
      "8335",
      "37621",
      "34320",
      "14993",
      "28082"
    ]
  },
  "gpqa_diamond": {
    "n": 396,
    "wrong_rate": 0.6161616161616161,
    "auroc_uptop": 0.5915120793787748,
    "selective_acc_p09": 0.5714285714285714,
    "cov_p09": 0.10606060606060606,
    "wrong_n": 244,
    "blind_p09": 18,
    "moderate_wrong": 224,
    "split_wrong": 2,
    "mean_p_top_on_wrong": 0.6073827413479054,
    "blind_ids": [
      "gpqa_9",
      "gpqa_81",
      "gpqa_135",
      "gpqa_9",
      "gpqa_81",
      "gpqa_135",
      "gpqa_97",
      "gpqa_145",
      "gpqa_181",
      "gpqa_97",
      "gpqa_145",
      "gpqa_181",
      "gpqa_86",
      "gpqa_122",
      "gpqa_176",
      "gpqa_86",
      "gpqa_122",
      "gpqa_176"
    ]
  }
}