{
  "n_questions": 2728,
  "n_wrong_full": 1892,
  "wrong_rate_full": 0.6935483870967742,
  "per_n": {
    "2": {
      "majority_acc": [
        0.19092741935483873,
        0.17960960410557186,
        0.20236436950146627
      ],
      "auroc_uptop": [
        0.6597485108900324,
        0.6410182059967799,
        0.6795092775775597
      ],
      "auroc_entropy": [
        0.6597485108900324,
        0.6410182059967799,
        0.6795092775775597
      ],
      "residual_error_conf": [
        0.5434826551592898,
        0.5380607088103657,
        0.5487651048385692
      ],
      "blindspot_rate": {
        "0.8": 0.007399577167019027,
        "0.9": 0.0005285412262156448,
        "0.95": 0.0
      },
      "spurious_consensus_rate": {
        "0.8": [
          0.08696531031857964,
          0.07612141762073144,
          0.0975302096771384
        ],
        "0.9": [
          0.08696531031857964,
          0.07612141762073144,
          0.0975302096771384
        ],
        "0.95": [
          0.08696531031857964,
          0.07612141762073144,
          0.0975302096771384
        ]
      }
    },
    "4": {
      "majority_acc": [
        0.2155241935483871,
        0.20527859237536658,
        0.22691532258064515
      ],
      "auroc_uptop": [
        0.7608334618909447,
        0.7422932849601976,
        0.779840558477708
      ],
      "auroc_entropy": [
        0.7617689338206634,
        0.7433231764847228,
        0.7804863430567993
      ],
      "residual_error_conf": [
        0.3537278244759342,
        0.347591497183925,
        0.3587466341838697
      ],
      "blindspot_rate": {
        "0.8": 0.0047568710359408035,
        "0.9": 0.0005285412262156448,
        "0.95": 0.0
      },
      "spurious_consensus_rate": {
        "0.8": [
          0.014387392805007483,
          0.009849906191369606,
          0.019174076444396032
        ],
        "0.9": [
          0.014387392805007483,
          0.009849906191369606,
          0.019174076444396032
        ],
        "0.95": [
          0.014387392805007483,
          0.009849906191369606,
          0.019174076444396032
        ]
      }
    },
    "8": {
      "majority_acc": [
        0.24228005865102642,
        0.23239552785923753,
        0.2507423020527859
      ],
      "auroc_uptop": [
        0.7815822748807182,
        0.7651344919795046,
        0.7986596676623801
      ],
      "auroc_entropy": [
        0.7820024100843813,
        0.7640672016124352,
        0.798306406802486
      ],
      "residual_error_conf": [
        0.27745253349003707,
        0.27359191132262756,
        0.28109546128202567
      ],
      "blindspot_rate": {
        "0.8": 0.0047568710359408035,
        "0.9": 0.0005285412262156448,
        "0.95": 0.0
      },
      "spurious_consensus_rate": {
        "0.8": [
          0.011792098237135933,
          0.008620144404062509,
          0.015027956798669185
        ],
        "0.9": [
          0.0027182735440562634,
          0.000968441201492049,
          0.004854486871031353
        ],
        "0.95": [
          0.0027182735440562634,
          0.000968441201492049,
          0.004854486871031353
        ]
      }
    },
    "16": {
      "majority_acc": [
        0.2625201612903226,
        0.25438966275659824,
        0.27094024926686217
      ],
      "auroc_uptop": [
        0.7868408981036952,
        0.7724162476806065,
        0.8018823126677308
      ],
      "auroc_entropy": [
        0.7807008266700365,
        0.7657809173667248,
        0.7942768423197359
      ],
      "residual_error_conf": [
        0.23472893594006478,
        0.2317250464891978,
        0.23774434167104969
      ],
      "blindspot_rate": {
        "0.8": 0.0047568710359408035,
        "0.9": 0.0005285412262156448,
        "0.95": 0.0
      },
      "spurious_consensus_rate": {
        "0.8": [
          0.009932356811407339,
          0.0069369624001272496,
          0.013393689617816295
        ],
        "0.9": [
          0.001941108169628056,
          0.0004955278729062202,
          0.003519623356073775
        ],
        "0.95": [
          0.0004899070264542491,
          0.0,
          0.0015007503751875938
        ]
      }
    },
    "32": {
      "majority_acc": [
        0.27781708211143696,
        0.269391495601173,
        0.28778409090909096
      ],
      "auroc_uptop": [
        0.7808407880987822,
        0.7667877982034098,
        0.79585934223748
      ],
      "auroc_entropy": [
        0.7696041885596268,
        0.7570256632768928,
        0.7811792196179645
      ],
      "residual_error_conf": [
        0.20992125910757498,
        0.20741061883709336,
        0.21258089197937416
      ],
      "blindspot_rate": {
        "0.8": 0.0047568710359408035,
        "0.9": 0.0005285412262156448,
        "0.95": 0.0
      },
      "spurious_consensus_rate": {
        "0.8": [
          0.006168376643081647,
          0.0035657439562806225,
          0.008566300919152035
        ],
        "0.9": [
          0.001510229427505509,
          0.0005049807466934538,
          0.0025588863889950166
        ],
        "0.95": [
          0.0002916918136726181,
          0.0,
          0.0010167768174885613
        ]
      }
    },
    "64": {
      "majority_acc": [
        0.2889589442815249,
        0.28187316715542526,
        0.2969391495601173
      ],
      "auroc_uptop": [
        0.7711417952832755,
        0.7598461515797716,
        0.7827859822727904
      ],
      "auroc_entropy": [
        0.7573510461962918,
        0.7469527618585785,
        0.7692527118836554
      ],
      "residual_error_conf": [
        0.19729119237033288,
        0.19537634033525136,
        0.19925020103760835
      ],
      "blindspot_rate": {
        "0.8": 0.0047568710359408035,
        "0.9": 0.0005285412262156448,
        "0.95": 0.0
      },
      "spurious_consensus_rate": {
        "0.8": [
          0.00461185938806478,
          0.00307176645048664,
          0.006708206334349325
        ],
        "0.9": [
          0.0009125260274396783,
          0.0,
          0.002061988864913823
        ],
        "0.95": [
          0.00019836498043306817,
          0.0,
          0.0010277492291880781
        ]
      }
    }
  },
  "stable_wrong": {
    "n_seeds": 1,
    "union_wrong": 1892,
    "stable_wrong": 0,
    "stable_wrong_frac": 0.0,
    "note": "单 seed：stable_wrong 不可算，需多 seed",
    "budget_stable_wrong": 1881,
    "budget_stable_wrong_frac": 0.9941860465116279,
    "budget_stable_note": "majority 在所有 n∈grid 下都判错 / wrong@Kmax"
  }
}