{
  "n_questions": 4148,
  "n_wrong_full": 2019,
  "wrong_rate_full": 0.48674059787849566,
  "per_n": {
    "1": {
      "majority_acc": [
        0.41987102217936356,
        0.4103182256509161,
        0.4293635486981678
      ],
      "auroc_uptop": [
        0.5,
        0.5,
        0.5
      ],
      "auroc_entropy": [
        0.5,
        0.5,
        0.5
      ],
      "residual_error_conf": [
        1.0,
        1.0,
        1.0
      ],
      "blindspot_rate": {
        "0.8": 1.0,
        "0.9": 1.0,
        "0.95": 1.0
      },
      "spurious_consensus_rate": {
        "0.8": [
          1.0,
          1.0,
          1.0
        ],
        "0.9": [
          1.0,
          1.0,
          1.0
        ],
        "0.95": [
          1.0,
          1.0,
          1.0
        ]
      }
    },
    "2": {
      "majority_acc": [
        0.4202374638379942,
        0.41128254580520734,
        0.43008678881388623
      ],
      "auroc_uptop": [
        0.7616803687165618,
        0.7494837275411725,
        0.7731247669795402
      ],
      "auroc_entropy": [
        0.7616803687165618,
        0.7494837275411725,
        0.7731247669795402
      ],
      "residual_error_conf": [
        0.6120726933794589,
        0.6044914972960103,
        0.618099847979985
      ],
      "blindspot_rate": {
        "0.8": 0.1020307082714215,
        "0.9": 0.05250123823675087,
        "0.95": 0.03615651312530956
      },
      "spurious_consensus_rate": {
        "0.8": [
          0.2241453867589177,
          0.2089829945920206,
          0.23619969595996995
        ],
        "0.9": [
          0.2241453867589177,
          0.2089829945920206,
          0.23619969595996995
        ],
        "0.95": [
          0.2241453867589177,
          0.2089829945920206,
          0.23619969595996995
        ]
      }
    },
    "4": {
      "majority_acc": [
        0.4554893924783028,
        0.44863187078109934,
        0.46385607521697203
      ],
      "auroc_uptop": [
        0.817111044391045,
        0.8081505348095028,
        0.8262683153483432
      ],
      "auroc_entropy": [
        0.8183372322120727,
        0.8087927197829007,
        0.8275685483406116
      ],
      "residual_error_conf": [
        0.48675331679216344,
        0.47942230535945113,
        0.49357845528212
      ],
      "blindspot_rate": {
        "0.8": 0.08766716196136701,
        "0.9": 0.04903417533432392,
        "0.95": 0.03516592372461615
      },
      "spurious_consensus_rate": {
        "0.8": [
          0.09281195579984462,
          0.08358758009238564,
          0.1016513097607051
        ],
        "0.9": [
          0.09281195579984462,
          0.08358758009238564,
          0.1016513097607051
        ],
        "0.95": [
          0.09281195579984462,
          0.08358758009238564,
          0.1016513097607051
        ]
      }
    },
    "8": {
      "majority_acc": [
        0.48010245901639337,
        0.4722456605593057,
        0.4862825458052073
      ],
      "auroc_uptop": [
        0.8246419437178706,
        0.8161330692091899,
        0.8333326103285065
      ],
      "auroc_entropy": [
        0.8226551902954874,
        0.8142024960741419,
        0.8322759414884519
      ],
      "residual_error_conf": [
        0.43422098464621944,
        0.4298707947376605,
        0.43924262368834843
      ],
      "blindspot_rate": {
        "0.8": 0.0871718672610203,
        "0.9": 0.04853888063397722,
        "0.95": 0.03467062902426944
      },
      "spurious_consensus_rate": {
        "0.8": [
          0.09714768007988205,
          0.0898072018655536,
          0.10646225566614702
        ],
        "0.9": [
          0.05168737235085983,
          0.045591151645049385,
          0.057587647435660846
        ],
        "0.95": [
          0.05168737235085983,
          0.045591151645049385,
          0.057587647435660846
        ]
      }
    },
    "16": {
      "majority_acc": [
        0.4946142719382835,
        0.4889042912246866,
        0.5009643201542913
      ],
      "auroc_uptop": [
        0.8247123380777032,
        0.8182036526012381,
        0.8313697224590567
      ],
      "auroc_entropy": [
        0.8192518999296514,
        0.8131075893880803,
        0.82552486257786
      ],
      "residual_error_conf": [
        0.40481529899150537,
        0.40082337024220127,
        0.40844137458273727
      ],
      "blindspot_rate": {
        "0.8": 0.08519068845963348,
        "0.9": 0.04952947003467063,
        "0.95": 0.032194155522535906
      },
      "spurious_consensus_rate": {
        "0.8": [
          0.09985546496739156,
          0.09318720065848353,
          0.1076760564026727
        ],
        "0.9": [
          0.053406437410828254,
          0.04874391467664727,
          0.05778829633654997
        ],
        "0.95": [
          0.0334839014140284,
          0.029719824781067997,
          0.037393484395662466
        ]
      }
    },
    "32": {
      "majority_acc": [
        0.5039428640308582,
        0.497101012536162,
        0.5089259884281582
      ],
      "auroc_uptop": [
        0.8213731599129639,
        0.8154443541903424,
        0.8289926753919774
      ],
      "auroc_entropy": [
        0.8130577435216818,
        0.8073285921741864,
        0.8200818120423256
      ],
      "residual_error_conf": [
        0.3898666120359342,
        0.3866008245437262,
        0.3930201536010574
      ],
      "blindspot_rate": {
        "0.8": 0.08420009905894008,
        "0.9": 0.04903417533432392,
        "0.95": 0.033680039623576026
      },
      "spurious_consensus_rate": {
        "0.8": [
          0.08882975412130119,
          0.08377117182631591,
          0.09404193625436434
        ],
        "0.9": [
          0.05483097296403873,
          0.05090205102390642,
          0.059344162481981516
        ],
        "0.95": [
          0.035291703810279504,
          0.031923985803082124,
          0.038698955816279856
        ]
      }
    },
    "64": {
      "majority_acc": [
        0.5089705882352942,
        0.5043394406943105,
        0.5142237222757956
      ],
      "auroc_uptop": [
        0.8191657038867678,
        0.8132369667163549,
        0.8244962520066408
      ],
      "auroc_entropy": [
        0.8093104793261645,
        0.8038684118245918,
        0.814344005196284
      ],
      "residual_error_conf": [
        0.38238344494728155,
        0.3794936634656466,
        0.3849402499256785
      ],
      "blindspot_rate": {
        "0.8": 0.08469539375928678,
        "0.9": 0.04903417533432392,
        "0.95": 0.03516592372461615
      },
      "spurious_consensus_rate": {
        "0.8": [
          0.08380378269740138,
          0.0790045726986209,
          0.08802423659665327
        ],
        "0.9": [
          0.05072870777631521,
          0.04695963976785894,
          0.053882728407416765
        ],
        "0.95": [
          0.03639397451539197,
          0.033316009642051586,
          0.03953476344192954
        ]
      }
    }
  },
  "stable_wrong": {
    "n_seeds": 1,
    "union_wrong": 1998,
    "stable_wrong": 0,
    "stable_wrong_frac": 0.0,
    "note": "单 seed：stable_wrong 不可算，需多 seed",
    "budget_stable_wrong": 1999,
    "budget_stable_wrong_frac": 0.9900941059930659,
    "budget_stable_note": "majority 在所有 n∈grid 下都判错 / wrong@Kmax"
  }
}