{
  "common_n": 2228,
  "models": {
    "Qwen-0.5B": {
      "auroc": [
        0.6896300593387211,
        0.7709429977934775,
        0.7814926077904697,
        0.7852356794682003,
        0.7823097019080142,
        0.7808827677985759
      ],
      "cw": [
        0.15775528997651841,
        0.04032997061721971,
        0.01420060762598159,
        0.013111239043319291,
        0.012121384657126245,
        0.00976092567067363
      ],
      "n_questions": 1741
    },
    "Llama-1B": {
      "auroc": [
        0.6553698293759134,
        0.756508188032816,
        0.7771935330061993,
        0.7810814627187763,
        0.7740361489580622,
        0.7636263797003702
      ],
      "cw": [
        0.09157265161989463,
        0.01622539809812816,
        0.0031431502630586577,
        0.002296465097499677,
        0.001675376100588972,
        0.0009844873984501813
      ],
      "n_questions": 2227
    },
    "Qwen-1.5B": {
      "auroc": [
        0.7167556398335563,
        0.7803500981613095,
        0.7883704974852414,
        0.7855333823852034,
        0.7818195173171268,
        0.7788749118945537
      ],
      "cw": [
        0.2012223054877306,
        0.06914987398230327,
        0.030174861176958178,
        0.03063975256896625,
        0.03028999774985768,
        0.02699050023006434
      ],
      "n_questions": 1905
    },
    "Phi-3.8B": {
      "auroc": [
        0.668012523857042,
        0.7318409659741485,
        0.7371976724097001,
        0.7348504579447211,
        0.7297164479675321,
        0.7235336496412031
      ],
      "cw": [
        0.18847430234524953,
        0.06384229679062148,
        0.02829534994083807,
        0.028462346816183218,
        0.02866141236943189,
        0.026012426895047628
      ],
      "n_questions": 2228
    },
    "Qwen-3B": {
      "auroc": [
        0.7201329129824512,
        0.7698873581021742,
        0.7729604322762305,
        0.7700094933174786,
        0.7646927154727965,
        0.7617898300074532
      ],
      "cw": [
        0.2508306912158891,
        0.10912818593904441,
        0.06099197040528698,
        0.06383007899260373,
        0.06572802592949266,
        0.06073246503990239
      ],
      "n_questions": 2228
    },
    "Qwen-7B": {
      "auroc": [
        0.7254089391599812,
        0.7682176481770682,
        0.7727030892383074,
        0.7724419294315155,
        0.7719927174778874,
        0.7716651639875678
      ],
      "cw": [
        0.3236923019747,
        0.16962644831245577,
        0.11105103895838464,
        0.11689521062029389,
        0.12046546257172762,
        0.11295780592598618
      ],
      "n_questions": 1747
    }
  }
}