{
  "seeds": [
    41,
    42,
    43
  ],
  "datasets": [
    "minerva",
    "math500",
    "gsm8k"
  ],
  "metrics": {
    "minerva": {
      "CoT (Lower-Bound)": {
        "auroc": {
          "mean": NaN,
          "std": NaN
        },
        "auprc": {
          "mean": NaN,
          "std": NaN
        },
        "acc_star": {
          "mean": 0.3853339781911211,
          "std": 0.010232663350925184,
          "n": 3
        }
      },
      "SE (Semantic Entropy)": {
        "auroc": {
          "mean": 0.886215555798222,
          "std": 0.007347670617973116,
          "n": 3
        },
        "auprc": {
          "mean": 0.9103730458439437,
          "std": 0.009923075644586494,
          "n": 3
        },
        "acc_star": {
          "mean": 0.676813722469098,
          "std": 0.007241533781674488,
          "n": 3
        }
      },
      "SAR": {
        "auroc": {
          "mean": 0.6170186094039086,
          "std": 0.018918536104897854,
          "n": 3
        },
        "auprc": {
          "mean": 0.7157068235306369,
          "std": 0.01723445321095499,
          "n": 3
        },
        "acc_star": {
          "mean": 0.462547489057062,
          "std": 0.006610723084223586,
          "n": 3
        }
      },
      "U_Ecc": {
        "auroc": {
          "mean": 0.6024654463465179,
          "std": 0.04499709363000889,
          "n": 3
        },
        "auprc": {
          "mean": 0.6903898591295778,
          "std": 0.03157998907308522,
          "n": 3
        },
        "acc_star": {
          "mean": 0.39496762987190087,
          "std": 0.05070537789053911,
          "n": 3
        }
      },
      "U_Deg": {
        "auroc": {
          "mean": 0.8310207426553474,
          "std": 0.013928695099896646,
          "n": 3
        },
        "auprc": {
          "mean": 0.894854993180799,
          "std": 0.006850447592855848,
          "n": 3
        },
        "acc_star": {
          "mean": 0.639292142974028,
          "std": 0.020194062712024716,
          "n": 3
        }
      },
      "PE (Predictive Entropy)": {
        "auroc": {
          "mean": 0.6628608276316186,
          "std": 0.015670670704745412,
          "n": 3
        },
        "auprc": {
          "mean": 0.7480124050807047,
          "std": 0.018582447091836513,
          "n": 3
        },
        "acc_star": {
          "mean": 0.4862890069075636,
          "std": 0.015952832066759026,
          "n": 3
        }
      },
      "LL (Log-Likelihood)": {
        "auroc": {
          "mean": 0.6376904262309679,
          "std": 0.01653216255587251,
          "n": 3
        },
        "auprc": {
          "mean": 0.7130827391489339,
          "std": 0.019498493446508277,
          "n": 3
        },
        "acc_star": {
          "mean": 0.4794855774237217,
          "std": 0.01931526613560276,
          "n": 3
        }
      },
      "Self-Certainty": {
        "auroc": {
          "mean": 0.6623429890774668,
          "std": 0.015550905452435832,
          "n": 3
        },
        "auprc": {
          "mean": 0.7482119154684824,
          "std": 0.01878083578925063,
          "n": 3
        },
        "acc_star": {
          "mean": 0.4862890069075636,
          "std": 0.015952832066759026,
          "n": 3
        }
      },
      "DeepConf": {
        "auroc": {
          "mean": 0.7697188756195764,
          "std": 0.009793649007106641,
          "n": 3
        },
        "auprc": {
          "mean": 0.8351267872736267,
          "std": 0.012675523621869168,
          "n": 3
        },
        "acc_star": {
          "mean": 0.6020138973010843,
          "std": 0.01476944937335393,
          "n": 3
        }
      },
      "PRS": {
        "auroc": {
          "mean": 0.8357705377071635,
          "std": 0.014103667391480881,
          "n": 3
        },
        "auprc": {
          "mean": 0.9050862037044872,
          "std": 0.0072276544406128925,
          "n": 3
        },
        "acc_star": {
          "mean": 0.6359251396070248,
          "std": 0.01568863809505328,
          "n": 3
        }
      },
      "F_resp": {
        "auroc": {
          "mean": 0.8225988386960195,
          "std": 0.012315368140995838,
          "n": 3
        },
        "auprc": {
          "mean": 0.8764057133439479,
          "std": 0.005712633234390805,
          "n": 3
        },
        "acc_star": {
          "mean": 0.6359251396070248,
          "std": 0.01568863809505328,
          "n": 3
        }
      },
      "D_ans": {
        "auroc": {
          "mean": 0.76923371571983,
          "std": 0.021217932949217384,
          "n": 3
        },
        "auprc": {
          "mean": 0.8224415783515332,
          "std": 0.009929769569968732,
          "n": 3
        },
        "acc_star": {
          "mean": 0.6154454284056641,
          "std": 0.027001566536889846,
          "n": 3
        }
      },
      "D_reason": {
        "auroc": {
          "mean": 0.7090428814987676,
          "std": 0.005693772170986884,
          "n": 3
        },
        "auprc": {
          "mean": 0.7978808271664861,
          "std": 0.008365955011134229,
          "n": 3
        },
        "acc_star": {
          "mean": 0.5101357214759277,
          "std": 0.0108943683791793,
          "n": 3
        }
      }
    },
    "math500": {
      "CoT (Lower-Bound)": {
        "auroc": {
          "mean": NaN,
          "std": NaN
        },
        "auprc": {
          "mean": NaN,
          "std": NaN
        },
        "acc_star": {
          "mean": 0.7472366659529198,
          "std": 0.004359995002160973,
          "n": 3
        }
      },
      "SE (Semantic Entropy)": {
        "auroc": {
          "mean": 0.8432383102215285,
          "std": 0.0055508516142881706,
          "n": 3
        },
        "auprc": {
          "mean": 0.5517645897295711,
          "std": 0.018827924262941755,
          "n": 3
        },
        "acc_star": {
          "mean": 0.9637955182072829,
          "std": 0.0038640404921373474,
          "n": 3
        }
      },
      "SAR": {
        "auroc": {
          "mean": 0.6010137222643289,
          "std": 0.03321222917305715,
          "n": 3
        },
        "auprc": {
          "mean": 0.4139949221798547,
          "std": 0.025374676929016023,
          "n": 3
        },
        "acc_star": {
          "mean": 0.7826797385620914,
          "std": 0.018620282991909435,
          "n": 3
        }
      },
      "U_Ecc": {
        "auroc": {
          "mean": 0.6049535654999638,
          "std": 0.005438090608958872,
          "n": 3
        },
        "auprc": {
          "mean": 0.3561086014350708,
          "std": 0.0237587769046266,
          "n": 3
        },
        "acc_star": {
          "mean": 0.7994397759103643,
          "std": 0.0007922765055311428,
          "n": 3
        }
      },
      "U_Deg": {
        "auroc": {
          "mean": 0.8794402284016246,
          "std": 0.003199832211721978,
          "n": 3
        },
        "auprc": {
          "mean": 0.6143406927113968,
          "std": 0.017333571757662355,
          "n": 3
        },
        "acc_star": {
          "mean": 0.9805088702147525,
          "std": 0.003895779100906868,
          "n": 3
        }
      },
      "PE (Predictive Entropy)": {
        "auroc": {
          "mean": 0.5924001083527335,
          "std": 0.030408466070082428,
          "n": 3
        },
        "auprc": {
          "mean": 0.40153095504851793,
          "std": 0.017323479961485838,
          "n": 3
        },
        "acc_star": {
          "mean": 0.7631419234360411,
          "std": 0.028336136699748164,
          "n": 3
        }
      },
      "LL (Log-Likelihood)": {
        "auroc": {
          "mean": 0.5868379894351096,
          "std": 0.029591399982385743,
          "n": 3
        },
        "auprc": {
          "mean": 0.388558756492201,
          "std": 0.016666888024338723,
          "n": 3
        },
        "acc_star": {
          "mean": 0.7687208216619981,